LN_EXPORT,EXPORT,PARTNER,YEAR,LN_GDP_NIGERIA,LN_GDP_PARTNER,LOG_DISTANCE,COCOA_PRICE,COCOA_PRICE_SQ,ELECTION_YEARS,PARTNER_GOV_MEAN,NIGERIA_GOV_MEAN,GDP_INTERACTION,NDVI,TEMP_C,SPEI
14.711947093212574,2450854.0,France,2023,27.034361030801403,28.613561921330945,8.333991247194975,3.28066666666666,10.762773777777735,1,1.00144,-1.096374774,773.5493633584522,0.465897066568152,30.2023182049063,-0.038629677
12.852806709503223,381859.0,France,2022,27.006160286311875,28.604240624725364,8.333991247194975,2.39297916666666,5.726349292100663,0,1.0375,-1.2040060877999998,772.4907071795669,0.518759891258585,28.5326593933733,0.056405585
15.896188335189965,8009896.0,France,2021,26.974160955765555,28.578857124261013,8.333991247194975,2.42653166666666,5.888055929336078,0,1.06512,-1.1461521864,770.8906920016437,0.525727734764067,31.246494201577,-0.43129632
14.614091051532254,2222384.0,France,2020,26.938338447082764,28.512298727256855,8.333991247194975,2.36986416666666,5.616256168450664,0,1.01922,-1.204169035,768.0739530191723,0.369476022320351,25.0687606808117,-0.039621525
15.565956592490682,5757170.0,France,2018,26.93459993021348,28.56954713447247,8.333991247194975,2.29376833333333,5.261373167002762,0,1.0517800000000002,-1.2190794946,769.5093222543928,0.414299783904049,29.5976912079003,-0.044339597
15.79496061712036,7238761.0,France,2017,26.91555487076009,28.553222029853764,8.333991247194975,2.02941083333333,4.11850833045068,0,1.0687399999999998,-1.1883052111999999,768.5258142815247,0.437908600562317,28.2491048874327,-0.10346242
15.238230383012016,4148388.0,France,2016,26.90752830381704,28.53259998484284,8.333991247194975,2.89076166666666,8.356503013469405,0,1.0025600000000001,-1.2041118978,767.7417416736483,0.333887066699011,30.6095941578635,-0.16095097
16.616918852972127,16467822.0,France,2015,26.923829132852337,28.52403644607786,8.333991247194975,3.135045,9.828507152024999,1,1.0491,-1.1771220682,767.976283453453,0.53919834956766,28.5148864964499,-0.22214203
16.421840055692208,13549227.0,France,2014,26.89764793806328,28.51342539545071,8.333991247194975,3.06223999999999,9.377313817599937,0,1.10582,-1.2995489597999998,766.9440777950659,0.527583092626932,30.8980003998019,-0.3127437
16.683101799049236,17594586.0,France,2013,26.836461416210433,28.5034965207951,8.333991247194975,2.43884667208333,5.947973089931935,0,1.15748,-1.2232208966,764.9329846074061,0.507302411980817,26.1958487294239,-0.4004126
17.798199517163,53661133.0,France,2012,26.77187912672076,28.49570935516276,8.333991247194975,2.391869053,5.721037566699118,0,1.1922799999999998,-1.2161760568,762.8836864865833,0.468022026993959,29.5116279546889,-0.038858492
17.704100296493284,48841958.0,France,2011,26.730448730035295,28.493872690215184,8.333991247194975,2.98007671316666,8.880857216358203,1,1.22376,-1.2252851128,761.6540030659498,0.45442134632939,30.8158822479176,-0.39697862
17.84582967629105,56278868.0,France,2010,26.67873024612612,28.46978927253865,8.333991247194975,3.13300385383333,9.815713148134497,0,1.2883,-1.2660335304,759.5378281661139,0.410811777252926,26.1877344021035,-0.24233592
17.611136771456074,44506098.0,France,2009,26.601716836765984,28.44998346132214,8.333991247194975,2.88875032966666,8.344878467149238,0,1.21592,-1.2306422592,756.818404048767,0.369743752902434,27.1019359539629,-0.29673287
17.57372489507256,42871803.0,France,2008,26.524413954980783,28.478635555580258,8.333991247194975,2.5771163235,6.641528544850156,0,1.25868,-1.1206364990000002,755.3791183492449,0.362161878138446,25.8030446151818,-0.06749237
17.220863991266953,30124941.0,France,2007,26.45895892167694,28.47484104947443,8.333991247194975,1.95226915516666,3.8113548542151445,1,1.2455199999999997,-1.2138171078,753.4146496293242,0.469697606676352,26.8089552767383,-0.1192396
14.458757158070757,1902648.0,France,2006,26.395128804266605,28.44985109686461,8.333991247194975,1.59190223741666,2.534152733492168,0,1.27622,-1.2301845074000002,750.9374841639469,0.571827840014689,30.0789072309954,-0.121865965
8.574140471857987,5293.0,France,2003,26.185428330974926,28.376083827306637,8.333991247194975,1.75087716666666,3.0655708527546714,1,1.13706,-1.3424088358000001,743.0399093736746,0.469438653110368,29.0521601454497,0.002986471
0.0,1.0,France,2000,25.914417998382522,28.337014665490553,8.333991247194975,0.905791666666666,0.8204585434027766,0,1.21822,-1.1573612452000002,734.3372428678178,0.395012195571854,29.2491331217016,-0.22645718
11.550057459807835,103783.0,France,1998,25.859651811251265,28.26301101721782,8.333991247194975,1.67638333333333,2.8102610802777668,0,1.1387,-0.9959619995999999,730.8716240428113,0.0,27.7963848607815,-0.1563065
14.583368564639256,2155145.0,France,1996,25.805218859306773,28.204111127414624,8.333991247194975,1.45556666666666,2.118674321111092,0,1.18386,-1.0855012774000001,727.8132603751438,0.0,29.1998368435865,-0.049461573
18.351901553205487,93353279.0,Germany,2023,27.034361030801403,28.937288786203183,8.448700194970938,3.28066666666666,10.762773777777735,1,1.2889599999999999,-1.096374774,782.3011122987778,0.465897066568152,30.2023182049063,-0.038629677
18.283347757274463,87167992.0,Germany,2022,27.006160286311875,28.939956726003462,8.448700194970938,2.39297916666666,5.726349292100663,0,1.3580999999999999,-1.2040060877999998,781.5571100213789,0.518759891258585,28.5326593933733,0.056405585
18.243078382220002,83727529.0,Germany,2021,26.974160955765555,28.926352375790785,8.448700194970938,2.42653166666666,5.888055929336078,0,1.39896,-1.1461521864,780.264084847772,0.525727734764067,31.246494201577,-0.43129632
17.835261486528452,55687234.0,Germany,2020,26.938338447082764,28.890309785562355,8.448700194970938,2.36986416666666,5.616256168450664,0,1.3763999999999998,-1.204169035,778.2569428445457,0.369476022320351,25.0687606808117,-0.039621525
18.199668844054067,80170714.0,Germany,2019,26.956443896843833,28.932123287263703,8.448700194970938,2.34082166666666,5.479446075136081,1,1.44102,-1.2276788116,779.907158209693,0.581521735116624,28.699880444532,0.11692938
17.581338090167357,43199440.0,Germany,2018,26.93459993021348,28.922292831415405,8.448700194970938,2.29376833333333,5.261373167002762,0,1.46952,-1.2190794946,779.0103864786552,0.414299783904049,29.5976912079003,-0.044339597
16.831898820088313,20417416.0,Germany,2017,26.91555487076009,28.911190262573914,8.448700194970938,2.02941083333333,4.11850833045068,0,1.46678,-1.1883052111999999,778.160727891293,0.437908600562317,28.2491048874327,-0.10346242
17.072146838020174,25962061.0,Germany,2016,26.90752830381704,28.8843923112151,8.448700194970938,2.89076166666666,8.356503013469405,0,1.49978,-1.2041118978,777.2076036525756,0.333887066699011,30.6095941578635,-0.16095097
17.75744834110213,51518336.0,Germany,2015,26.923829132852337,28.861704529745214,8.448700194970938,3.135045,9.828507152024999,1,1.51814,-1.1771220682,777.0676012417305,0.53919834956766,28.5148864964499,-0.22214203
17.87286016818797,57820860.0,Germany,2014,26.89764793806328,28.845312419631618,8.448700194970938,3.06223999999999,9.377313817599937,0,1.5899,-1.2995489597999998,775.8710581266955,0.527583092626932,30.8980003998019,-0.3127437
18.337432267455146,92012249.0,Germany,2013,26.836461416210433,28.823849417622853,8.448700194970938,2.43884667208333,5.947973089931935,0,1.48454,-1.2232208966,773.5301227626952,0.507302411980817,26.1958487294239,-0.4004126
18.124205349987225,74343392.0,Germany,2012,26.77187912672076,28.81999461102532,8.448700194970938,2.391869053,5.721037566699118,0,1.4645,-1.2161760568,771.5654121591135,0.468022026993959,29.5116279546889,-0.038858492
17.581782881259482,43218659.0,Germany,2011,26.730448730035295,28.815262909989528,8.448700194970938,2.98007671316666,8.880857216358203,1,1.4502599999999999,-1.2252851128,770.2449078579627,0.45442134632939,30.8158822479176,-0.39697862
17.669030657893195,47158775.0,Germany,2010,26.67873024612612,28.778372131673045,8.448700194970938,3.13300385383333,9.815713148134497,0,1.45742,-1.2660335304,767.7704270235387,0.410811777252926,26.1877344021035,-0.24233592
17.12467108331522,27362146.0,Germany,2009,26.601716836765984,28.737741186917745,8.448700194970938,2.88875032966666,8.344878467149238,0,1.46928,-1.2306422592,764.473253582653,0.369743752902434,27.1019359539629,-0.29673287
18.839183241424383,151968412.0,Germany,2008,26.524413954980783,28.794789584342826,8.448700194970938,2.5771163235,6.641528544850156,0,1.48534,-1.1206364990000002,763.7649186816782,0.362161878138446,25.8030446151818,-0.06749237
17.86802925389987,57542206.0,Germany,2007,26.45895892167694,28.78572674408253,8.448700194970938,1.95226915516666,3.8113548542151445,1,1.54508,-1.2138171078,761.6403614522969,0.469697606676352,26.8089552767383,-0.1192396
13.364236038824808,636816.0,Germany,2006,26.395128804266605,28.75723543199931,8.448700194970938,1.59190223741666,2.534152733492168,0,1.5607399999999998,-1.2301845074000002,759.0509332822412,0.571827840014689,30.0789072309954,-0.121865965
13.466265089852417,705220.0,Germany,1998,25.859651811251265,28.64095058891767,8.448700194970938,1.67638333333333,2.8102610802777668,0,1.58116,-0.9959619995999999,740.6450097726628,0.0,27.7963848607815,-0.1563065
15.773248905823474,7083289.0,Germany,1996,25.805218859306773,28.601827393713453,8.448700194970938,1.45556666666666,2.118674321111092,0,1.6018800000000002,-1.0855012774000001,738.0764156708915,0.0,29.1998368435865,-0.049461573
12.405873872204774,244232.0,Ghana,2023,27.034361030801403,24.981400325995025,6.980075940561763,3.28066666666666,10.762773777777735,1,-0.09872,-1.096374774,675.3561954679294,0.465897066568152,30.2023182049063,-0.038629677
10.66693008931473,42913.0,Ghana,2022,27.006160286311875,24.95048234108769,6.980075940561763,2.39297916666666,5.726349292100663,0,-0.12482,-1.2040060877999998,673.816725324208,0.518759891258585,28.5326593933733,0.056405585
8.07961802938984,3228.0,Ghana,2021,26.974160955765555,24.913139834800376,6.980075940561763,2.42653166666666,5.888055929336078,0,-0.1123,-1.1461521864,672.0110438173998,0.525727734764067,31.246494201577,-0.43129632
16.290419143259875,11880621.0,Ghana,2020,26.938338447082764,24.86362168391249,6.980075940561763,2.36986416666666,5.616256168450664,0,-0.07339999999999999,-1.204169035,669.7846559414605,0.369476022320351,25.0687606808117,-0.039621525
13.387485374291431,651795.0,Ghana,2019,26.956443896843833,24.858495428931782,6.980075940561763,2.34082166666666,5.479446075136081,1,-0.0906,-1.2276788116,670.0966373899485,0.581521735116624,28.699880444532,0.11692938
12.49100343667615,265934.0,Ghana,2018,26.93459993021348,24.7954476296752,6.980075940561763,2.29376833333333,5.261373167002762,0,-0.11714,-1.2190794946,667.8554619958616,0.414299783904049,29.5976912079003,-0.044339597
14.17157391492181,1427698.0,Ghana,2016,26.90752830381704,24.657139174757567,6.980075940561763,2.89076166666666,8.356503013469405,0,-0.16698,-1.2041118978,663.4626702359451,0.333887066699011,30.6095941578635,-0.16095097
8.373553741214627,4331.0,Ghana,2015,26.923829132852337,24.62396104911127,6.980075940561763,3.135045,9.828507152024999,1,-0.11065999999999998,-1.1771220682,662.9713198602832,0.53919834956766,28.5148864964499,-0.22214203
11.949559728490422,154749.0,Ghana,2014,26.89764793806328,24.60297520700976,6.980075940561763,3.06223999999999,9.377313817599937,0,-0.11888000000000001,-1.2995489597999998,661.762165347048,0.527583092626932,30.8980003998019,-0.3127437
13.462326656098009,702448.0,Ghana,2013,26.836461416210433,24.574813106271627,6.980075940561763,2.43884667208333,5.947973089931935,0,0.009079999999999996,-1.2232208966,659.501023737041,0.507302411980817,26.1958487294239,-0.4004126
12.374291052107436,236639.0,Ghana,2012,26.77187912672076,24.5042379204812,6.980075940561763,2.391869053,5.721037566699118,0,0.005860000000000004,-1.2161760568,656.0244956995299,0.468022026993959,29.5116279546889,-0.038858492
15.524821316301878,5525152.0,Ghana,2011,26.730448730035295,24.415377684128096,6.980075940561763,2.98007671316666,8.880857216358203,1,0.02527999999999999,-1.2252851128,652.634001410034,0.45442134632939,30.8158822479176,-0.39697862
10.229476459142496,27708.0,Ghana,2010,26.67873024612612,24.283936142393756,6.980075940561763,3.13300385383333,9.815713148134497,0,-0.008440000000000001,-1.2660335304,647.8645816570755,0.410811777252926,26.1877344021035,-0.24233592
16.202812280360856,10884086.0,Ghana,2008,26.524413954980783,24.16059613521565,6.980075940561763,2.5771163235,6.641528544850156,0,-0.06224,-1.1206364990000002,640.8456532895688,0.362161878138446,25.8030446151818,-0.06749237
14.743197703322801,2528654.0,Ghana,2007,26.45895892167694,24.073045080277115,6.980075940561763,1.95226915516666,3.8113548542151445,1,-0.0043,-1.2138171078,636.9477108987293,0.469697606676352,26.8089552767383,-0.1192396
13.52641682291888,748942.0,Ghana,2006,26.395128804266605,24.030495116154373,6.980075940561763,1.59190223741666,2.534152733492168,0,-0.006279999999999999,-1.2301845074000002,634.2880138211942,0.571827840014689,30.0789072309954,-0.121865965
7.811163385025279,2468.0,Ghana,2003,26.185428330974926,23.856647258731684,6.980075940561763,1.75087716666666,3.0655708527546714,1,-0.16918,-1.3424088358000001,624.696527010868,0.469438653110368,29.0521601454497,0.002986471
11.983759998919021,160133.0,Ghana,2002,26.114530122760755,23.80595414315095,6.980075940561763,1.77785833333333,3.160780253402766,0,-0.21526,-1.3645533799999998,621.6813065723767,0.347834447034582,25.1379305207884,-0.16009416
8.586346050104554,5358.0,Ghana,1996,25.805218859306773,23.556285508848898,6.980075940561763,1.45556666666666,2.118674321111092,0,-0.25434,-1.0855012774000001,607.8751030681624,0.0,29.1998368435865,-0.049461573
16.880869402175477,21442155.0,Italy,2023,27.034361030801403,28.33133881055489,8.203304026795282,3.28066666666666,10.762773777777735,1,0.55576,-1.096374774,765.9196418904965,0.465897066568152,30.2023182049063,-0.038629677
16.178013293512034,10617491.0,Italy,2022,27.006160286311875,28.324210552055494,8.203304026795282,2.39297916666666,5.726349292100663,0,0.45009999999999994,-1.2040060877999998,764.9281701520569,0.518759891258585,28.5326593933733,0.056405585
14.9383275353292,3073500.0,Italy,2021,26.974160955765555,28.277124918829735,8.203304026795282,2.42653166666666,5.888055929336078,0,0.43198,-1.1461521864,762.7517189268023,0.525727734764067,31.246494201577,-0.43129632
14.187667731274837,1450861.0,Italy,2020,26.938338447082764,28.191579880399203,8.203304026795282,2.36986416666666,5.616256168450664,0,0.3928,-1.204169035,759.4343201761627,0.369476022320351,25.0687606808117,-0.039621525
13.427417183747114,678349.0,Italy,2019,26.956443896843833,28.284443488941623,8.203304026795282,2.34082166666666,5.479446075136081,1,0.45624000000000003,-1.2276788116,762.4480140631047,0.581521735116624,28.699880444532,0.11692938
14.915562143680607,3004321.0,Italy,2018,26.93459993021348,28.28016104636457,8.203304026795282,2.29376833333333,5.261373167002762,0,0.38132,-1.2190794946,761.7148237458371,0.414299783904049,29.5976912079003,-0.044339597
14.454641265966206,1894833.0,Italy,2017,26.91555487076009,28.271928559345305,8.203304026795282,2.02941083333333,4.11850833045068,0,0.39408,-1.1883052111999999,760.9546444412679,0.437908600562317,28.2491048874327,-0.10346242
14.89742046859326,2950309.0,Italy,2016,26.90752830381704,28.25601879399244,8.203304026795282,2.89076166666666,8.356503013469405,0,0.40919999999999995,-1.2041118978,760.2996254525377,0.333887066699011,30.6095941578635,-0.16095097
16.087350113825394,9697223.0,Italy,2015,26.923829132852337,28.24373237130293,8.203304026795282,3.135045,9.828507152024999,1,0.3762,-1.1771220682,760.4294244389704,0.53919834956766,28.5148864964499,-0.22214203
14.5161153611998,2014971.0,Italy,2014,26.89764793806328,28.234914685261266,8.203304026795282,3.06223999999999,9.377313817599937,0,0.3994,-1.2995489597999998,759.4527947654103,0.527583092626932,30.8980003998019,-0.3127437
15.988969853716895,8788634.0,Italy,2013,26.836461416210433,28.234928561530587,8.203304026795282,2.43884667208333,5.947973089931935,0,0.4628,-1.2232208966,757.7255709309735,0.507302411980817,26.1958487294239,-0.4004126
16.48156620236381,14383125.0,Italy,2012,26.77187912672076,28.25327610407272,8.203304026795282,2.391869053,5.721037566699118,0,0.45964,-1.2161760568,756.3932927921029,0.468022026993959,29.5116279546889,-0.038858492
17.10376034436206,26795924.0,Italy,2011,26.730448730035295,28.28502726714213,8.203304026795282,2.98007671316666,8.880857216358203,1,0.48018,-1.2252851128,756.071471191993,0.45442134632939,30.8158822479176,-0.39697862
16.605230327299843,16276458.0,Italy,2010,26.67873024612612,28.278096707504638,8.203304026795282,3.13300385383333,9.815713148134497,0,0.51476,-1.2660335304,754.4237139333834,0.410811777252926,26.1877344021035,-0.24233592
17.54008219960817,41453472.0,Italy,2009,26.601716836765984,28.262921380132592,8.203304026795282,2.88875032966666,8.344878467149238,0,0.46488000000000007,-1.2306422592,751.8422315340665,0.369743752902434,27.1019359539629,-0.29673287
15.387528598756218,4816358.0,Italy,2008,26.524413954980783,28.317431992038443,8.203304026795282,2.5771163235,6.641528544850156,0,0.50116,-1.1206364990000002,751.1032882988437,0.362161878138446,25.8030446151818,-0.06749237
14.490402623213466,1963821.0,Italy,2007,26.45895892167694,28.32771607755039,8.203304026795282,1.95226915516666,3.8113548542151445,1,0.47552000000000005,-1.2138171078,749.5218760408331,0.469697606676352,26.8089552767383,-0.1192396
13.34268535181168,623239.0,Italy,1998,25.859651811251265,28.195182638384217,8.203304026795282,1.67638333333333,2.8102610802777668,0,0.80518,-0.9959619995999999,729.1176057832527,0.0,27.7963848607815,-0.1563065
14.273449197040046,1580812.0,Italy,1996,25.805218859306773,28.158225622892687,8.203304026795282,1.45556666666666,2.118674321111092,0,0.85404,-1.0855012774000001,726.6291748884855,0.0,29.1998368435865,-0.049461573
19.49101695926369,291635986.0,Netherlands,2023,27.034361030801403,27.54458781124743,8.473032295630468,3.28066666666666,10.762773777777735,1,1.51688,-1.096374774,744.6503313338748,0.465897066568152,30.2023182049063,-0.038629677
19.32165707065593,246200566.0,Netherlands,2022,27.006160286311875,27.54384248072623,8.473032295630468,2.39297916666666,5.726349292100663,0,1.5184000000000002,-1.2040060877999998,743.8534249354186,0.518759891258585,28.5326593933733,0.056405585
19.10813504578445,198864659.0,Netherlands,2021,26.974160955765555,27.494983418438935,8.473032295630468,2.42653166666666,5.888055929336078,0,1.61204,-1.1461521864,741.6541082050769,0.525727734764067,31.246494201577,-0.43129632
18.785515089254325,144027540.0,Netherlands,2020,26.938338447082764,27.434106304540535,8.473032295630468,2.36986416666666,5.616256168450664,0,1.61814,-1.204169035,739.0292406249599,0.369476022320351,25.0687606808117,-0.039621525
18.617927094851517,121804407.0,Netherlands,2019,26.956443896843833,27.473553758115095,8.473032295630468,2.34082166666666,5.479446075136081,1,1.6079999999999999,-1.2276788116,740.5893105275526,0.581521735116624,28.699880444532,0.11692938
18.997279226123148,177997351.0,Netherlands,2018,26.93459993021348,27.450813375943977,8.473032295630468,2.29376833333333,5.261373167002762,0,1.6590400000000003,-1.2190794946,739.3766760400039,0.414299783904049,29.5976912079003,-0.044339597
18.447470891762226,102715223.0,Netherlands,2017,26.91555487076009,27.42847729023626,8.473032295630468,2.02941083333333,4.11850833045068,0,1.6530999999999998,-1.1883052111999999,738.2526855267511,0.437908600562317,28.2491048874327,-0.10346242
18.84126232693322,152284696.0,Netherlands,2016,26.90752830381704,27.401041651057724,8.473032295630468,2.89076166666666,8.356503013469405,0,1.6771999999999998,-1.2041118978,737.2943037799052,0.333887066699011,30.6095941578635,-0.16095097
19.894986284592726,436800132.0,Netherlands,2015,26.923829132852337,27.377087987231977,8.473032295630468,3.135045,9.828507152024999,1,1.65382,-1.1771220682,737.096039123298,0.53919834956766,28.5148864964499,-0.22214203
20.006007047830558,488088377.0,Netherlands,2014,26.89764793806328,27.356103654125135,8.473032295630468,3.06223999999999,9.377313817599937,0,1.7155200000000002,-1.2995489597999998,735.8148450458243,0.527583092626932,30.8980003998019,-0.3127437
20.98274676705922,1296257064.0,Netherlands,2013,26.836461416210433,27.340106198369796,8.473032295630468,2.43884667208333,5.947973089931935,0,1.71112,-1.2232208966,733.7117051076467,0.507302411980817,26.1958487294239,-0.4004126
20.2070588763922,596779870.0,Netherlands,2012,26.77187912672076,27.34040856967993,8.473032295630468,2.391869053,5.721037566699118,0,1.74314,-1.2161760568,731.9541135026315,0.468022026993959,29.5116279546889,-0.038858492
17.800655689759836,53793096.0,Netherlands,2011,26.730448730035295,27.35023546461688,8.473032295630468,2.98007671316666,8.880857216358203,1,1.72668,-1.2252851128,731.0840668413346,0.45442134632939,30.8158822479176,-0.39697862
19.33618947013976,249804575.0,Netherlands,2010,26.67873024612612,27.332657416110397,8.473032295630468,3.13300385383333,9.815713148134497,0,1.6684,-1.2660335304,729.2005941141878,0.410811777252926,26.1877344021035,-0.24233592
17.773327185267235,52342917.0,Netherlands,2009,26.601716836765984,27.319550485208772,8.473032295630468,2.88875032966666,8.344878467149238,0,1.6618400000000002,-1.2306422592,726.7469461152565,0.369743752902434,27.1019359539629,-0.29673287
18.463778249931554,104403969.0,Netherlands,2008,26.524413954980783,27.356891986298706,8.473032295630468,2.5771163235,6.641528544850156,0,1.6356600000000001,-1.1206364990000002,725.6255275662834,0.362161878138446,25.8030446151818,-0.06749237
18.534759174915553,112084003.0,Netherlands,2007,26.45895892167694,27.33594476002729,8.473032295630468,1.95226915516666,3.8113548542151445,1,1.64602,-1.2138171078,723.2806394907919,0.469697606676352,26.8089552767383,-0.1192396
12.142807979361404,187739.0,Netherlands,2002,26.114530122760755,27.2219890969585,8.473032295630468,1.77785833333333,3.160780253402766,0,1.7662,-1.3645533799999998,710.8894542739876,0.347834447034582,25.1379305207884,-0.16009416
11.036195262974786,62081.0,Netherlands,2000,25.914417998382522,27.196564338957437,8.473032295630468,0.905791666666666,0.8204585434027766,0,1.92996,-1.1573612452000002,704.7831363996469,0.395012195571854,29.2491331217016,-0.22645718
15.774604277733575,7092896.0,Netherlands,1998,25.859651811251265,27.106030174504202,8.473032295630468,1.67638333333333,2.8102610802777668,0,1.85878,-0.9959619995999999,700.952502297949,0.0,27.7963848607815,-0.1563065
17.186308524168574,29101740.0,Netherlands,1996,25.805218859306773,27.018992991337363,8.473032295630468,1.45556666666666,2.118674321111092,0,1.8174599999999999,-1.0855012774000001,697.2310274995365,0.0,29.1998368435865,-0.049461573
16.173965173423415,10574597.0,Spain,2023,27.034361030801403,27.95404057474655,8.212839584676484,3.28066666666666,10.762773777777735,1,0.6371,-1.096374774,755.7196251673694,0.465897066568152,30.2023182049063,-0.038629677
16.208504292371412,10946215.0,Spain,2022,27.006160286311875,27.927635639136355,8.212839584676484,2.39297916666666,5.726349292100663,0,0.70414,-1.2040060877999998,754.2182044882323,0.518759891258585,28.5326593933733,0.056405585
16.16331286831996,10462551.0,Spain,2021,26.974160955765555,27.867676535672505,8.212839584676484,2.42653166666666,5.888055929336078,0,0.7546200000000001,-1.1461521864,751.7071923364412,0.525727734764067,31.246494201577,-0.43129632
15.786875677025309,7180472.0,Spain,2020,26.938338447082764,27.80298354954592,8.212839584676484,2.36986416666666,5.616256168450664,0,0.7186999999999999,-1.204169035,748.9661806963425,0.369476022320351,25.0687606808117,-0.039621525
16.203293234017806,10889322.0,Spain,2019,26.956443896843833,27.918844228758186,8.212839584676484,2.34082166666666,5.479446075136081,1,0.7910999999999999,-1.2276788116,752.5927581172423,0.581521735116624,28.699880444532,0.11692938
16.009564001455107,8971505.0,Spain,2018,26.93459993021348,27.89942227676831,8.212839584676484,2.29376833333333,5.261373167002762,0,0.75484,-1.2190794946,751.4597773088401,0.414299783904049,29.5976912079003,-0.044339597
15.779279148692327,7126132.0,Spain,2017,26.91555487076009,27.875750563217693,8.212839584676484,2.02941083333333,4.11850833045068,0,0.74752,-1.1883052111999999,750.2912938479074,0.437908600562317,28.2491048874327,-0.10346242
16.10548881772512,9874723.0,Spain,2016,26.90752830381704,27.847201570869867,8.212839584676484,2.89076166666666,8.356503013469405,0,0.80576,-1.2041118978,749.2993644502792,0.333887066699011,30.6095941578635,-0.16095097
15.237491027490865,4145322.0,Spain,2015,26.923829132852337,27.81846683637056,8.212839584676484,3.135045,9.828507152024999,1,0.7414200000000001,-1.1771220682,748.9796478403603,0.53919834956766,28.5148864964499,-0.22214203
17.520647195041192,40655602.0,Spain,2014,26.89764793806328,27.77866103744471,8.212839584676484,3.06223999999999,9.377313817599937,0,0.7637200000000001,-1.2995489597999998,747.1806447759835,0.527583092626932,30.8980003998019,-0.3127437
18.912085874799534,163461145.0,Spain,2013,26.836461416210433,27.76357061342985,8.212839584676484,2.43884667208333,5.947973089931935,0,0.81296,-1.2232208966,745.075991543544,0.507302411980817,26.1958487294239,-0.4004126
19.631684117803538,335685114.0,Spain,2012,26.77187912672076,27.77794667811157,8.212839584676484,2.391869053,5.721037566699118,0,0.8366199999999999,-1.2161760568,743.6678308548974,0.468022026993959,29.5116279546889,-0.038858492
18.222052399249115,81985454.0,Spain,2011,26.730448730035295,27.807016271005214,8.212839584676484,2.98007671316666,8.880857216358203,1,0.87736,-1.2252851128,743.2940227673621,0.45442134632939,30.8158822479176,-0.39697862
16.872347526316517,21260204.0,Spain,2010,26.67873024612612,27.813436040061678,8.212839584676484,3.13300385383333,9.815713148134497,0,0.82,-1.2660335304,742.0271573306877,0.410811777252926,26.1877344021035,-0.24233592
16.3673059337436,12830118.0,Spain,2009,26.601716836765984,27.812495259618036,8.212839584676484,2.88875032966666,8.344878467149238,0,0.7730199999999999,-1.2306422592,739.8601234202553,0.369743752902434,27.1019359539629,-0.29673287
16.127125062846254,10090703.0,Spain,2008,26.524413954980783,27.850904885713142,8.212839584676484,2.5771163235,6.641528544850156,0,0.8293600000000001,-1.1206364990000002,738.7289302094522,0.362161878138446,25.8030446151818,-0.06749237
16.408658420215982,13371798.0,Spain,2007,26.45895892167694,27.843262505751763,8.212839584676484,1.95226915516666,3.8113548542151445,1,0.8316800000000001,-1.2138171078,736.7037388851536,0.469697606676352,26.8089552767383,-0.1192396
14.035717802546198,1246335.0,Spain,2006,26.395128804266605,27.808537458635506,8.212839584676484,1.59190223741666,2.534152733492168,0,0.83076,-1.2301845074000002,734.0099280789569,0.571827840014689,30.0789072309954,-0.121865965
0.0,1.0,Spain,2000,25.914417998382522,27.60873941683513,8.212839584676484,0.905791666666666,0.8204585434027766,0,1.2238400000000003,-1.1573612452000002,715.4644136562853,0.395012195571854,29.2491331217016,-0.22645718
14.082580655686582,1306132.0,Spain,1998,25.859651811251265,27.51489580296536,8.212839584676484,1.67638333333333,2.8102610802777668,0,1.11754,-0.9959619995999999,711.525625087543,0.0,27.7963848607815,-0.1563065
15.1332519508256,3734976.0,Spain,1996,25.805218859306773,27.437531121060626,8.212839584676484,1.45556666666666,2.118674321111092,0,1.1086399999999998,-1.0855012774000001,708.0314955380102,0.0,29.1998368435865,-0.049461573
11.554249733329858,104219.0,United Kingdom,2023,27.034361030801403,28.805465889563997,8.565030520830398,3.28066666666666,10.762773777777735,1,1.21838,-1.096374774,778.737364518908,0.465897066568152,30.2023182049063,-0.038629677
15.055417816219167,3455293.0,United Kingdom,2022,27.006160286311875,28.80150292902011,8.565030520830398,2.39297916666666,5.726349292100663,0,1.27434,-1.2040060877999998,777.818004587798,0.518759891258585,28.5326593933733,0.056405585
13.204232723450042,542657.0,United Kingdom,2021,26.974160955765555,28.754246462470775,8.565030520830398,2.42653166666666,5.888055929336078,0,1.24364,-1.1461521864,775.621672240439,0.525727734764067,31.246494201577,-0.43129632
13.281626111246487,586323.0,United Kingdom,2020,26.938338447082764,28.671966712315058,8.565030520830398,2.36986416666666,5.616256168450664,0,1.2826999999999997,-1.204169035,772.375143239834,0.369476022320351,25.0687606808117,-0.039621525
13.528846633690353,750764.0,United Kingdom,2019,26.956443896843833,28.780631780432234,8.565030520830398,2.34082166666666,5.479446075136081,1,1.3816,-1.2276788116,775.8234859049421,0.581521735116624,28.699880444532,0.11692938
15.950687139857159,8458540.0,United Kingdom,2018,26.93459993021348,28.764517562842354,8.565030520830398,2.29376833333333,5.261373167002762,0,1.32366,-1.2190794946,774.7607727407581,0.414299783904049,29.5976912079003,-0.044339597
14.927102248580438,3039192.0,United Kingdom,2017,26.91555487076009,28.750563472989082,8.565030520830398,2.02941083333333,4.11850833045068,0,1.39526,-1.1883052111999999,773.8373687225085,0.437908600562317,28.2491048874327,-0.10346242
16.07525015220023,9580594.0,United Kingdom,2016,26.90752830381704,28.724345148054216,8.565030520830398,2.89076166666666,8.356503013469405,0,1.4323000000000001,-1.2041118978,772.9011300798784,0.333887066699011,30.6095941578635,-0.16095097
16.072700402535563,9556197.0,United Kingdom,2015,26.923829132852337,28.705310363519537,8.565030520830398,3.135045,9.828507152024999,1,1.5291199999999998,-1.1771220682,772.8568714328954,0.53919834956766,28.5148864964499,-0.22214203
17.31272156892183,33023222.0,United Kingdom,2014,26.89764793806328,28.6833249396424,8.565030520830398,3.06223999999999,9.377313817599937,0,1.49586,-1.2995489597999998,771.5139759195714,0.527583092626932,30.8980003998019,-0.3127437
19.12670915410235,202592910.0,United Kingdom,2013,26.836461416210433,28.65187823789261,8.565030520830398,2.43884667208333,5.947973089931935,0,1.4335799999999999,-1.2232208966,768.9150248331645,0.507302411980817,26.1958487294239,-0.4004126
16.926884954834208,22451881.0,United Kingdom,2012,26.77187912672076,28.63403909091361,8.565030520830398,2.391869053,5.721037566699118,0,1.4052399999999998,-1.2161760568,766.5870334517364,0.468022026993959,29.5116279546889,-0.038858492
16.408978370868997,13376077.0,United Kingdom,2011,26.730448730035295,28.619061828687467,8.565030520830398,2.98007671316666,8.880857216358203,1,1.37578,-1.2252851128,765.0003649134405,0.45442134632939,30.8158822479176,-0.39697862
15.524757605617864,5524800.0,United Kingdom,2010,26.67873024612612,28.6077425105884,8.565030520830398,3.13300385383333,9.815713148134497,0,1.42814,-1.2660335304,763.2182453906227,0.410811777252926,26.1877344021035,-0.24233592
16.610925823501336,16369425.0,United Kingdom,2009,26.601716836765984,28.585655092590464,8.565030520830398,2.88875032966666,8.344878467149238,0,1.31342,-1.2306422592,760.4275023665491,0.369743752902434,27.1019359539629,-0.29673287
16.830629097638354,20391508.0,United Kingdom,2008,26.524413954980783,28.632962171006145,8.565030520830398,2.5771163235,6.641528544850156,0,1.4557,-1.1206364990000002,759.4725413810722,0.362161878138446,25.8030446151818,-0.06749237
17.779701805901205,52677649.0,United Kingdom,2007,26.45895892167694,28.63545324376068,8.565030520830398,1.95226915516666,3.8113548542151445,1,1.5075,-1.2138171078,757.6642810802645,0.469697606676352,26.8089552767383,-0.1192396
13.61850004474397,821182.0,United Kingdom,2006,26.395128804266605,28.609543031736642,8.565030520830398,1.59190223741666,2.534152733492168,0,1.5458200000000002,-1.2301845074000002,755.1525733538967,0.571827840014689,30.0789072309954,-0.121865965
10.955898822303524,57291.0,United Kingdom,2000,25.914417998382522,28.460536808941473,8.565030520830398,0.905791666666666,0.8204585434027766,0,1.6694400000000003,-1.1573612452000002,737.5382473252612,0.395012195571854,29.2491331217016,-0.22645718
15.81413594710586,7378906.0,United Kingdom,1998,25.859651811251265,28.387911647941326,8.565030520830398,1.67638333333333,2.8102610802777668,0,1.7105600000000003,-0.9959619995999999,734.1015108643268,0.0,27.7963848607815,-0.1563065
17.93776907526258,61698432.0,United Kingdom,1996,25.805218859306773,28.30637889267583,8.565030520830398,1.45556666666666,2.118674321111092,0,1.6986599999999998,-1.0855012774000001,730.4523024399615,0.0,29.1998368435865,-0.049461573
17.30342616253949,32717680.0,United States of America,2023,27.034361030801403,30.724903998865823,9.274347501950475,3.28066666666666,10.762773777777735,1,1.01828,-1.096374774,830.6281473420524,0.465897066568152,30.2023182049063,-0.038629677
16.714066952378797,18147928.0,United States of America,2022,27.006160286311875,30.696437482183434,9.274347501950475,2.39297916666666,5.726349292100663,0,1.03238,-1.2040060877999998,828.9929108625976,0.518759891258585,28.5326593933733,0.056405585
17.346733447981006,34165723.0,United States of America,2021,26.974160955765555,30.671624142053286,9.274347501950475,2.42653166666666,5.888055929336078,0,1.02652,-1.1461521864,827.3413263824899,0.525727734764067,31.246494201577,-0.43129632
16.44213332643705,13826994.0,United States of America,2020,26.938338447082764,30.612836001460938,9.274347501950475,2.36986416666666,5.616256168450664,0,0.97188,-1.204169035,824.6589370323945,0.369476022320351,25.0687606808117,-0.039621525
15.45853371872209,5170778.0,United States of America,2019,26.956443896843833,30.63470365667475,9.274347501950475,2.34082166666666,5.479446075136081,1,1.10218,-1.2276788116,825.8026704175895,0.581521735116624,28.699880444532,0.11692938
14.727015455983032,2488064.0,United States of America,2018,26.93459993021348,30.60919357020781,9.274347501950475,2.29376833333333,5.261373167002762,0,1.2609400000000002,-1.2190794946,824.4463830000102,0.414299783904049,29.5976912079003,-0.044339597
16.238510775184004,11279650.0,United States of America,2017,26.91555487076009,30.57996001435638,9.274347501950475,2.02941083333333,4.11850833045068,0,1.2696999999999998,-1.1883052111999999,823.0765917120586,0.437908600562317,28.2491048874327,-0.10346242
14.831502904073576,2762103.0,United States of America,2016,26.90752830381704,30.555680928214812,9.274347501950475,2.89076166666666,8.356503013469405,0,1.24464,-1.2041118978,822.1778494183426,0.333887066699011,30.6095941578635,-0.16095097
15.253424885108725,4211902.0,United States of America,2015,26.923829132852337,30.5376499529343,9.274347501950475,3.135045,9.828507152024999,1,1.2515999999999998,-1.1771220682,822.1904694516593,0.53919834956766,28.5148864964499,-0.22214203
18.292250069092347,87947453.0,United States of America,2014,26.89764793806328,30.50861992681975,9.274347501950475,3.06223999999999,9.377313817599937,0,1.25974,-1.2995489597999998,820.6101178677795,0.527583092626932,30.8980003998019,-0.3127437
17.790935632763237,53272757.0,United States of America,2013,26.836461416210433,30.48369495280079,9.274347501950475,2.43884667208333,5.947973089931935,0,1.25506,-1.2232208966,818.0745034243671,0.507302411980817,26.1958487294239,-0.4004126
19.949086658860384,461082092.0,United States of America,2012,26.77187912672076,30.462737795193398,9.274347501950475,2.391869053,5.721037566699118,0,1.29424,-1.2161760568,815.5447341219057,0.468022026993959,29.5116279546889,-0.038858492
17.632654392690327,45474141.0,United States of America,2011,26.730448730035295,30.44010473239782,9.274347501950475,2.98007671316666,8.880857216358203,1,1.28264,-1.2252851128,813.6776588862647,0.45442134632939,30.8158822479176,-0.39697862
17.728857047201224,50066218.0,United States of America,2010,26.67873024612612,30.42458177084674,9.274347501950475,3.13300385383333,9.815713148134497,0,1.26616,-1.2660335304,811.6892099156263,0.410811777252926,26.1877344021035,-0.24233592
16.617609780308197,16479204.000000002,United States of America,2009,26.601716836765984,30.39798665129441,9.274347501950475,2.88875032966666,8.344878467149238,0,1.24528,-1.2306422592,808.6386333055261,0.369743752902434,27.1019359539629,-0.29673287
15.662341375736979,6339696.0,United States of America,2008,26.524413954980783,30.424089385018988,9.274347501950475,2.5771163235,6.641528544850156,0,1.35732,-1.1206364990000002,806.9811410515804,0.362161878138446,25.8030446151818,-0.06749237
17.19713068293239,29418394.0,United States of America,2007,26.45895892167694,30.42295415715244,9.274347501950475,1.95226915516666,3.8113548542151445,1,1.29994,-1.2138171078,804.959694320157,0.469697606676352,26.8089552767383,-0.1192396
13.605542329641084,810610.0,United States of America,2006,26.395128804266605,30.40311370410998,9.274347501950475,1.59190223741666,2.534152733492168,0,1.3302,-1.2301845074000002,802.4941022707461,0.571827840014689,30.0789072309954,-0.121865965
12.953580162292752,422346.0,United States of America,2000,25.914417998382522,30.24970659996426,9.274347501950475,0.905791666666666,0.8204585434027766,0,1.5344,-1.1573612452000002,783.9035411599043,0.395012195571854,29.2491331217016,-0.22645718
9.906881785604144,20068.0,United States of America,1998,25.859651811251265,30.16296701622154,9.274347501950475,1.67638333333333,2.8102610802777668,0,1.4609,-0.9959619995999999,780.0038246337455,0.0,27.7963848607815,-0.1563065
14.59985720819758,2190975.0,United States of America,1996,25.805218859306773,30.075600742544566,9.274347501950475,1.45556666666666,2.118674321111092,0,1.4248399999999999,-1.0855012774000001,776.1074594864918,0.0,29.1998368435865,-0.049461573
